payout_id,vendor_id,amount,status,created_at,updated_at
1,10,12675,Approved,08-03-2026 12:15,23-03-2026 01:04
2,67,19448,Approved,06-01-2026 20:52,11-02-2026 17:11
3,4,21271,Approved,07-02-2026 01:23,07-03-2026 12:53
4,55,19431,Pending,12-02-2026 05:47,19-02-2026 08:28
5,84,6006,Pending,07-02-2026 19:05,22-04-2026 01:15
6,46,25120,Approved,27-04-2026 03:07,18-05-2026 07:36
7,72,11916,Pending,25-02-2026 16:00,15-05-2026 14:27
8,70,10760,Rejected,06-04-2026 14:57,05-01-2026 14:08
9,7,8499,Rejected,09-06-2026 11:43,24-05-2026 03:59
10,32,11269,Pending,24-03-2026 22:46,25-01-2026 00:25
11,59,26745,Rejected,23-02-2026 23:45,20-05-2026 21:57
12,1,5328,Approved,27-03-2026 06:18,03-03-2026 18:52
13,99,3809,Approved,27-01-2026 13:39,22-03-2026 10:57
14,21,11624,Rejected,05-05-2026 16:58,17-01-2026 05:27
15,49,14195,Rejected,12-01-2026 04:02,21-05-2026 00:16
16,5,7057,Rejected,05-04-2026 18:23,19-04-2026 09:52
17,32,9587,Approved,03-03-2026 18:28,11-01-2026 03:56
18,67,6290,Pending,06-04-2026 07:43,09-02-2026 14:11
19,46,7826,Approved,29-05-2026 08:45,15-05-2026 16:35
20,72,22850,Pending,16-03-2026 20:39,03-06-2026 15:38
21,34,25388,Pending,17-02-2026 18:37,18-02-2026 11:31
22,49,24064,Pending,17-01-2026 12:41,14-03-2026 16:56
23,100,1111,Approved,08-02-2026 15:13,27-01-2026 16:21
24,79,5771,Approved,02-05-2026 19:20,03-06-2026 23:44
25,36,28199,Pending,18-03-2026 03:10,09-04-2026 18:57
26,76,13833,Pending,06-05-2026 00:12,02-03-2026 10:45
27,58,13679,Rejected,13-01-2026 15:28,22-04-2026 20:53
28,3,17734,Rejected,15-05-2026 14:21,12-03-2026 15:40
29,4,27305,Approved,02-06-2026 22:51,24-02-2026 20:39
30,45,15353,Pending,18-03-2026 12:05,31-03-2026 20:08
31,65,9975,Pending,19-04-2026 08:57,03-01-2026 03:47
32,28,28262,Approved,09-02-2026 18:22,06-06-2026 03:45
33,87,6128,Pending,23-02-2026 14:15,14-01-2026 07:57
34,66,8828,Pending,29-04-2026 14:30,24-04-2026 02:42
35,9,20212,Rejected,10-02-2026 11:57,04-03-2026 01:27
36,15,11671,Approved,02-03-2026 12:42,02-02-2026 08:20
37,95,22021,Pending,01-03-2026 08:39,01-05-2026 23:32
38,68,13204,Rejected,28-04-2026 15:02,12-05-2026 21:32
39,29,16494,Rejected,01-02-2026 02:19,10-02-2026 19:00
40,83,7330,Rejected,31-01-2026 17:59,01-03-2026 02:55
41,16,11675,Approved,06-04-2026 02:12,11-02-2026 19:57
42,44,15315,Approved,18-05-2026 17:28,16-04-2026 08:12
43,53,2029,Rejected,15-02-2026 01:16,04-04-2026 22:35
44,38,24175,Rejected,15-03-2026 19:30,06-06-2026 22:56
45,18,13633,Rejected,27-04-2026 03:35,19-02-2026 19:23
46,79,5179,Pending,10-02-2026 11:12,29-03-2026 01:31
47,32,18233,Approved,06-04-2026 07:15,10-02-2026 01:39
48,66,3749,Rejected,01-03-2026 01:53,31-01-2026 12:27
49,47,18270,Approved,03-02-2026 10:20,30-04-2026 08:18
50,66,14664,Rejected,19-02-2026 15:37,20-01-2026 06:30
51,100,4323,Rejected,06-06-2026 19:40,26-01-2026 23:22
52,32,21964,Approved,28-05-2026 12:43,27-05-2026 10:40
53,79,24951,Rejected,19-02-2026 08:35,12-05-2026 02:59
54,47,6966,Rejected,12-05-2026 03:15,12-03-2026 09:32
55,92,22372,Rejected,05-06-2026 09:53,17-03-2026 10:13
56,16,13344,Pending,20-03-2026 16:29,16-02-2026 15:51
57,95,4278,Pending,03-04-2026 18:51,04-02-2026 07:24
58,53,8104,Approved,01-05-2026 03:11,23-03-2026 21:34
59,38,16889,Rejected,09-02-2026 18:33,14-04-2026 01:58
60,49,1363,Pending,12-04-2026 18:14,11-05-2026 23:03
61,100,23621,Pending,07-04-2026 04:23,11-05-2026 07:59
62,50,27561,Approved,15-02-2026 05:58,10-01-2026 13:36
63,62,20287,Approved,29-04-2026 05:26,05-01-2026 15:05
64,14,1856,Approved,13-01-2026 02:16,02-05-2026 08:05
65,64,10193,Rejected,09-04-2026 15:21,01-02-2026 13:35
66,17,16479,Pending,12-05-2026 18:41,03-06-2026 11:08
67,34,27015,Pending,19-01-2026 16:29,24-04-2026 16:44
68,71,23321,Approved,02-06-2026 11:29,20-02-2026 06:27
69,91,29361,Pending,22-04-2026 22:57,26-05-2026 09:44
70,94,18219,Approved,10-02-2026 22:22,01-03-2026 07:31
71,74,1237,Rejected,09-01-2026 22:39,25-02-2026 20:54
72,80,22989,Approved,24-05-2026 15:06,17-01-2026 05:04
73,23,20381,Approved,12-04-2026 20:47,03-06-2026 08:47
74,58,12898,Pending,25-01-2026 09:45,04-04-2026 04:35
75,71,19765,Pending,17-02-2026 00:15,17-05-2026 14:45
76,97,24418,Approved,18-04-2026 12:19,16-03-2026 17:03
77,72,24391,Pending,17-02-2026 10:19,25-01-2026 16:36
78,6,18336,Rejected,22-01-2026 15:04,15-01-2026 07:16
79,68,10862,Rejected,18-03-2026 14:14,31-05-2026 13:13
80,13,25271,Approved,25-03-2026 17:25,26-01-2026 12:22
81,46,1381,Approved,25-03-2026 19:18,20-03-2026 12:55
82,72,27354,Pending,13-03-2026 05:57,22-05-2026 17:45
83,24,26852,Rejected,16-02-2026 23:58,10-04-2026 04:04
84,39,5588,Approved,11-05-2026 02:27,29-03-2026 03:40
85,21,4528,Pending,01-03-2026 07:44,11-03-2026 05:41
86,94,3504,Approved,15-01-2026 20:07,01-05-2026 04:09
87,16,24504,Approved,05-02-2026 08:26,27-05-2026 12:38
88,30,2424,Approved,13-03-2026 09:48,13-05-2026 04:06
89,17,16149,Pending,08-06-2026 10:28,25-04-2026 19:31
90,78,27549,Pending,15-01-2026 00:20,15-05-2026 03:43
91,14,21037,Rejected,22-04-2026 02:55,22-05-2026 18:36
92,72,8666,Pending,02-03-2026 01:08,15-04-2026 19:40
93,27,17571,Rejected,28-04-2026 12:43,07-04-2026 17:03
94,95,12558,Rejected,24-05-2026 16:34,24-05-2026 12:19
95,22,3835,Pending,14-05-2026 18:05,27-04-2026 13:42
96,18,7730,Approved,17-05-2026 20:42,16-05-2026 12:18
97,40,26320,Pending,19-04-2026 16:56,03-04-2026 06:49
98,3,27019,Pending,01-01-2026 11:27,10-05-2026 04:51
99,21,26442,Approved,19-05-2026 12:07,19-04-2026 13:14
100,32,8846,Rejected,29-01-2026 01:27,05-04-2026 02:40
